<?xml version="1.0" encoding="UTF-8"?>
<!DOCTYPE mapper PUBLIC "-//mybatis.org//DTD Mapper 3.0//EN" "http://mybatis.org/dtd/mybatis-3-mapper.dtd">
<mapper namespace="com.xpwu.secondary.mapper.AddressMapper">
  <resultMap id="BaseResultMap" type="com.xpwu.secondary.entity.Address">
    <!--
      WARNING - @mbg.generated
    -->
    <id column="id" jdbcType="INTEGER" property="id" />
    <result column="user_id" jdbcType="VARCHAR" property="userId" />
    <result column="consignee_name" jdbcType="VARCHAR" property="consigneeName" />
    <result column="consignee_mobile" jdbcType="VARCHAR" property="consigneeMobile" />
    <result column="province" jdbcType="VARCHAR" property="province" />
    <result column="city" jdbcType="VARCHAR" property="city" />
    <result column="district" jdbcType="VARCHAR" property="district" />
    <result column="street" jdbcType="VARCHAR" property="street" />
    <result column="address_detail" jdbcType="VARCHAR" property="addressDetail" />
    <result column="is_default_address" jdbcType="TINYINT" property="isDefaultAddress" />
    <result column="create_time" jdbcType="TIMESTAMP" property="createTime" />
    <result column="update_time" jdbcType="TIMESTAMP" property="updateTime" />
    <result column="status" jdbcType="TINYINT" property="status" />
  </resultMap>
</mapper>
