<?xml version="1.0" encoding="UTF-8" ?>
<!DOCTYPE mapper PUBLIC "-//mybatis.org//DTD Mapper 3.0//EN" "http://mybatis.org/dtd/mybatis-3-mapper.dtd" >
<mapper namespace="com.xpwu.secondary.mapper.ChatDetailMapper" >
  <resultMap id="BaseResultMap" type="com.xpwu.secondary.entity.ChatDetail" >
    <!--
      WARNING - @mbg.generated
    -->
    <id column="id" property="id" jdbcType="INTEGER" />
    <result column="chat_id" property="chatId" jdbcType="VARCHAR" />
    <result column="user_id" property="userId" jdbcType="VARCHAR" />
    <result column="user_name" property="userName" jdbcType="VARCHAR" />
    <result column="user_avatar" property="userAvatar" jdbcType="VARCHAR" />
    <result column="content" property="content" jdbcType="VARCHAR" />
    <result column="type" property="type" jdbcType="TINYINT" />
    <result column="is_latest" property="isLatest" jdbcType="TINYINT" />
    <result column="create_time" property="createTime" jdbcType="TIMESTAMP" />
    <result column="update_time" property="updateTime" jdbcType="TIMESTAMP" />
  </resultMap>
</mapper>
