<?xml version="1.0" encoding="UTF-8" ?>
<!DOCTYPE mapper PUBLIC "-//mybatis.org//DTD Mapper 3.0//EN" "http://mybatis.org/dtd/mybatis-3-mapper.dtd" >
<mapper namespace="com.xpwu.secondary.mapper.PaymentLogMapper" >
  <resultMap id="BaseResultMap" type="com.xpwu.secondary.entity.PaymentLog" >
    <!--
      WARNING - @mbg.generated
    -->
    <id column="id" property="id" jdbcType="INTEGER" />
    <result column="order_id" property="orderId" jdbcType="INTEGER" />
    <result column="trade_no" property="tradeNo" jdbcType="VARCHAR" />
    <result column="out_trade_no" property="outTradeNo" jdbcType="VARCHAR" />
    <result column="trade_status" property="tradeStatus" jdbcType="VARCHAR" />
    <result column="trade_amount" property="tradeAmount" jdbcType="DECIMAL" />
    <result column="actual_pay_amount" property="actualPayAmount" jdbcType="DECIMAL" />
    <result column="user_id" property="userId" jdbcType="VARCHAR" />
    <result column="pay_channel" property="payChannel" jdbcType="TINYINT" />
    <result column="request_time" property="requestTime" jdbcType="TIMESTAMP" />
    <result column="completion_time" property="completionTime" jdbcType="TIMESTAMP" />
    <result column="request_params" property="requestParams" jdbcType="VARCHAR" />
  </resultMap>
</mapper>