<?xml version="1.0" encoding="UTF-8"?>
<!DOCTYPE mapper PUBLIC "-//mybatis.org//DTD Mapper 3.0//EN" "http://mybatis.org/dtd/mybatis-3-mapper.dtd">
<mapper namespace="com.xpwu.secondary.mapper.PraiseMapper">
  <resultMap id="BaseResultMap" type="com.xpwu.secondary.entity.Praise">
    <!--
      WARNING - @mbg.generated
    -->
    <id column="id" jdbcType="INTEGER" property="id" />
    <result column="product_id" jdbcType="INTEGER" property="productId" />
    <result column="user_id" jdbcType="VARCHAR" property="userId" />
    <result column="user_name" jdbcType="VARCHAR" property="userName" />
    <result column="user_avatar" jdbcType="VARCHAR" property="userAvatar" />
    <result column="status" jdbcType="TINYINT" property="status" />
    <result column="praise_time" jdbcType="TIMESTAMP" property="praiseTime" />
  </resultMap>
</mapper>
