<?xml version="1.0" encoding="UTF-8"?>
<!DOCTYPE mapper PUBLIC "-//mybatis.org//DTD Mapper 3.0//EN" "http://mybatis.org/dtd/mybatis-3-mapper.dtd">
<mapper namespace="com.xpwu.secondary.mapper.ProductTypeMapper">
  <resultMap id="BaseResultMap" type="com.xpwu.secondary.entity.ProductType">
    <!--
      WARNING - @mbg.generated
    -->
    <id column="id" jdbcType="INTEGER" property="id" />
    <result column="name" jdbcType="VARCHAR" property="name" />
    <result column="status" jdbcType="TINYINT" property="status" />
    <result column="create_time" jdbcType="TIMESTAMP" property="createTime" />
    <result column="create_man" jdbcType="VARCHAR" property="createMan" />
    <result column="update_time" jdbcType="TIMESTAMP" property="updateTime" />
    <result column="update_man" jdbcType="VARCHAR" property="updateMan" />
    <result column="remark" jdbcType="VARCHAR" property="remark" />
  </resultMap>
</mapper>
