<?xml version="1.0" encoding="UTF-8"?>
<!DOCTYPE mapper PUBLIC "-//mybatis.org//DTD Mapper 3.0//EN" "http://mybatis.org/dtd/mybatis-3-mapper.dtd">
<mapper namespace="com.xpwu.secondary.mapper.RequestLogMapper">
  <resultMap id="BaseResultMap" type="com.xpwu.secondary.entity.RequestLog">
    <!--
      WARNING - @mbg.generated
    -->
    <id column="id" jdbcType="INTEGER" property="id" />
    <result column="ip" jdbcType="VARCHAR" property="ip" />
    <result column="url" jdbcType="VARCHAR" property="url" />
    <result column="headers" jdbcType="VARCHAR" property="headers" />
    <result column="request_type" jdbcType="VARCHAR" property="requestType" />
    <result column="request_params" jdbcType="VARCHAR" property="requestParams" />
    <result column="request_time" jdbcType="TIMESTAMP" property="requestTime" />
    <result column="exception_detail" jdbcType="VARCHAR" property="exceptionDetail" />
    <result column="log_type" jdbcType="VARCHAR" property="logType" />
    <result column="time" jdbcType="BIGINT" property="time" />
  </resultMap>
</mapper>
