<?xml version="1.0" encoding="UTF-8"?>
<!DOCTYPE mapper PUBLIC "-//mybatis.org//DTD Mapper 3.0//EN" "http://mybatis.org/dtd/mybatis-3-mapper.dtd">
<mapper namespace="com.xpwu.secondary.mapper.UserMapper">
  <resultMap id="BaseResultMap" type="com.xpwu.secondary.entity.User">
    <!--
      WARNING - @mbg.generated
    -->
    <id column="user_id" jdbcType="VARCHAR" property="userId" />
    <result column="mobile" jdbcType="VARCHAR" property="mobile" />
    <result column="password" jdbcType="VARCHAR" property="password" />
    <result column="user_name" jdbcType="VARCHAR" property="userName" />
    <result column="sign" jdbcType="VARCHAR" property="sign" />
    <result column="source" jdbcType="TINYINT" property="source" />
    <result column="user_avatar" jdbcType="VARCHAR" property="userAvatar" />
    <result column="login_counts" jdbcType="INTEGER" property="loginCounts" />
    <result column="last_login_time" jdbcType="TIMESTAMP" property="lastLoginTime" />
    <result column="login_status" jdbcType="TINYINT" property="loginStatus" />
    <result column="status" jdbcType="TINYINT" property="status" />
    <result column="create_time" jdbcType="TIMESTAMP" property="createTime" />
    <result column="update_time" jdbcType="TIMESTAMP" property="updateTime" />
    <result column="remark" jdbcType="VARCHAR" property="remark" />
    <result column="device_id" jdbcType="VARCHAR" property="deviceId" />
    <result column="client_version" jdbcType="VARCHAR" property="clientVersion" />
    <result column="token" jdbcType="VARCHAR" property="token" />
    <result column="token_expired" jdbcType="BIGINT" property="tokenExpired" />
    <result column="address" jdbcType="VARCHAR" property="address" />
  </resultMap>
</mapper>
