<?xml version="1.0" encoding="UTF-8"?>
<configuration debug="false" scan="true" scanPeriod="1 seconds">

	<contextName>logback</contextName>
	<!--<property name="log.path" value="C:\\" />-->
	<property name="log.path" value="/data/secondary/logs"/>

	<appender name="console" class="ch.qos.logback.core.ConsoleAppender">
		<!-- <filter class="ch.qos.logback.classic.filter.ThresholdFilter" >
             <level>WARN</level>
         </filter>-->
		<encoder>
			<pattern>%d{HH:mm:ss.SSS} %contextName [%thread] %-5level %logger{36} - %msg%n</pattern>
		</encoder>
	</appender>

	<appender name="APPENDER-ERROR"
			  class="ch.qos.logback.core.rolling.RollingFileAppender">
		<file>${log.path}/catalina.out.log</file>
		<rollingPolicy class="ch.qos.logback.core.rolling.TimeBasedRollingPolicy">
			<fileNamePattern>${log.path}/catalina.out.%d{yyyy-MM-dd}.log
			</fileNamePattern>
		</rollingPolicy>

		<encoder>
			<pattern>%date %level [%thread] %logger{36} [%file : %line] %msg%n
			</pattern>
		</encoder>
	</appender>

	<root level="info">
		<appender-ref ref="console" />
		<appender-ref ref="APPENDER-ERROR" />
	</root>

	<!-- logger主要用于存放日志对象，也可以定义日志类型、级别 name：表示匹配的logger类型前缀，也就是包的前半部分 level：要记录的日志级别，包括
        TRACE < DEBUG < INFO < WARN < ERROR additivity：作用在于children-logger是否使用 rootLogger配置的appender进行输出，false：表示只用当前logger的appender-ref，true：表示当前logger的appender-ref和rootLogger的appender-ref都有效 -->
	<!-- project default level -->
	<logger name="com.xpwu" level="debug" />

	<!--log4jdbc -->
	<logger name="jdbc.sqltiming" level="debug" />
	<logger name="com.ibatis" level="debug" />
	<logger name="com.ibatis.common.jdbc.SimpleDataSource" level="debug" />
	<logger name="com.ibatis.common.jdbc.ScriptRunner" level="debug" />
	<logger name="com.ibatis.sqlmap.engine.impl.SqlMapClientDelegate"
			level="debug" />
	<logger name="java.sql.Connection" level="debug" />
	<logger name="java.sql.Statement" level="debug" />
	<logger name="java.sql.PreparedStatement" level="debug" />
	<logger name="java.sql.ResultSet" level="debug" />

</configuration>
